logIE_predicted,logIE,pH.aq.,polarity_index,viscosity,NH4,nAcid,ALogP,nH,nN,ATS7p,AATS6e,AATS4i,AATS6i,AATS7i,AATS8i,AATS1s,AATS7s,AATS8s,ATSC1c,ATSC4c,ATSC6c,ATSC1v,ATSC3v,ATSC4v,ATSC5v,ATSC6v,ATSC3p,ATSC6p,ATSC2i,ATSC3i,ATSC3s,AATSC1c,AATSC2m,AATSC4m,AATSC5m,AATSC5v,AATSC5e,AATSC5i,AATSC1s,MATS2c,MATS3c,MATS4c,MATS5c,MATS2m,MATS3m,MATS4m,MATS5m,MATS6m,MATS1v,MATS6v,MATS1e,MATS5p,MATS1i,MATS1s,MATS6s,GATS1c,GATS4c,GATS5c,GATS1m,GATS2m,GATS5v,GATS6v,GATS3e,GATS2p,GATS3p,GATS4p,GATS1i,GATS3i,GATS4i,VE1_Dzp,VR2_Dzp,VE1_Dzi,VR2_Dzi,VE1_Dzs,VR2_Dzs,BCUTw-1l,BCUTc-1h,BCUTp-1l,SpMin8_Bhv,SpMin6_Bhi,SpMin7_Bhs,C1SP2,C2SP2,C3SP2,SCH-7,VCH-7,ASP-2,ASP-6,ASP-7,VP-7,AVP-7,VE1_Dt,VE3_Dt,VR2_Dt,nHBint2,ndssC,SsOH,minHBd,minHBa,minwHBa,minsOH,maxHaaCH,maxHother,hmin,ETA_dEpsilon_B,ETA_BetaP_s,ETA_Beta_ns_d,ETA_EtaP_L,fragC,nHBDon,IC0,IC2,MDEC-22,MDEC-23,MDEC-33,MLFER_A,MLFER_BO,MLFER_S,MLFER_E,topoShape,JGI1,JGI4,JGI5,VE2_D,XLogP,name,data_type,SMILES,model_nr
0.910916805267334,1.1069995859768083,7,7.3799125,0.8076329896197229,1,1,4.017500000000001,8,1,70.35294041054696,11.307148312500006,205.86740199170777,214.0649104413374,215.4153602926092,214.03097409882028,5.659391534391535,21.597565157750346,20.997685185185187,-0.4378230549666749,-0.14397782787205937,-0.04736052501855599,-41.95059940898667,192.08945991032243,-154.3023204197812,5.937009176403336,-66.76114143198167,1.492013147415975,0.27186815603509645,-68.23037052390022,176.6958009693594,323.97704376777267,-0.01042435845158749,13.92505459063815,9.86896773235887,6.939569852678042,0.05397281069457578,0.03823594057721616,0.4615679162472509,-1.0443512617013977,-0.2106437535237698,0.01780753072647554,-0.02343063641269971,0.01273045197551798,0.2774497057412447,0.14545495346356255,0.19663421608082368,0.13826743737800315,-0.01553094509228343,-0.03567682683496767,-0.02483990099382752,-0.08395757642982193,-0.0420949984954183,-0.10699084952876373,-0.09607241518965735,-0.04095613789615084,1.6178896950759316,1.0012137884605603,0.9566011005766868,0.7380769839739539,0.5777884478451543,0.9482100616561636,0.9253718517018266,0.6643680026338743,1.2808835839953676,1.1448671928490113,1.2368221647296591,1.270177749666827,0.8204413538089989,0.837510931428898,0.23663009219852227,11.267074652170963,0.06327314145804672,21.514453093185683,0.673899978776528,47.68151178721984,11.99742408843115,0.4789916388796547,3.02020644543224,0.8099564890321505,0.9361942299543108,0.29311019734779714,1,0,0,0,0,0.2916356235890715,0.02611282465378329,0.01342403197396617,0.206041243508012,0.0038155785834817,0.0934620940759784,-8.295697675442927,17.131884823957105,1,1,8.345775696332796,0.7690882464096749,-1.155406565461354,-2.428528745047905,8.345775696332796,0,0,0.177084461871168,0,0.65,0,0.24682,34.23,1,2.065650375401874,3.832559521842079,0.4999999999999999,1.1547005383792517,0,0.502,0.5800000000000003,0.5089999999999999,-0.9310000000000004,0.8571428571428571,0.4852941176470588,0.05300000000000001,0.03378378378378376,0.00267034554502795,6.631,EtFOSAA,PFAS,CCN(CC(O)=O)[S](=O)(=O)C(F)(F)C(F)(F)C(F)(F)C(F)(F)C(F)(F)C(F)(F)C(F)(F)C(F)(F)F,model_1
1.0740989446640015,2.455501705197088,7,6.190805,0.584988086368162,1,0,4.4591,6,1,51.542302271999986,11.835395217391309,220.5593641376086,224.22653480697383,222.4312814478533,220.002409256102,5.692772633744855,24.027546296296297,22.433142701525057,-0.2566643672853046,0.03452494957370148,0.00378992628236425,-17.402388138016168,507.2867169416046,-35.952492370904935,-165.44419178363395,-105.20765653192956,0.8435297830458354,0.10957854638152624,-80.73755111108981,99.27121986478096,277.49125514403266,-0.00712956575792512,9.883614659407089,2.4547477618614826,1.4431103961921798,-2.121079381841461,0.0144717435803788,0.3236046331777596,-0.9219916933394318,-0.2462822299404709,-0.00335041338456552,0.00713233638022185,7.111298082417353e-4,0.20216222597419267,0.32987037559045224,0.05021009912307274,0.02951778474518265,-0.05290222034926793,-0.01840924530469978,-0.05806679969793724,-0.06449687029187087,-0.01241335619793389,-0.0911808593866173,-0.0822965371337858,-0.02669747116439683,1.6211014859169488,1.035241248104282,1.0171570336411098,0.7883404110575026,0.668762519752614,0.8777540235481671,0.8972607955810242,0.6680421257455724,1.367023905878754,0.9834139957696276,1.1152519006413213,1.327058406469406,0.8463967805564397,0.9102291456182012,0.26090858964449387,28.160028213285223,0.05609216128119282,9.654985727098412,0.7767414673316065,14.693746607997223,11.99744537294242,0.4789735865214534,3.0181630683384406,0.6096901679062876,0.5410031134329348,0.16873543728110713,0,0,0,0,0,0.2903372049371997,0.02482706308392547,0.01274842520571665,0.1563152902008676,0.00372179262383018,0.05407115036392812,-9.04410895111021,9.721392585386168,2,0,0,0.7207412814758594,0.5126602440218515,0,0,0,0,0.2871128065423698,0,0.64516,0,0.25318,30.21,1,1.9603743317247249,3.4113635004132523,0,0,0,0.359,0.242,0.2699999999999999,-0.9680000000000002,1,0.5,0.04985507246376815,0.03425925925925927,0.0017442306569009,7.01,EtFOSA,PFAS,CCNS(=O)(=O)C(F)(F)C(F)(F)C(F)(F)C(F)(F)C(F)(F)C(F)(F)C(F)(F)C(F)(F)F,model_2
2.4381139278411865,1.0741542046755588,7,7.490582499999999,0.8226111658689552,1,1,3.7671,6,1,60.657118272000005,11.642522000000008,211.04337520383456,218.49157622846224,219.141855878713,216.58390068035337,5.966524216524217,24.435185185185187,23.141087962962963,-0.4336336011358488,-0.13380819076158912,0.01252650211627947,-37.29921601159562,-534.0092405311517,344.5054260442137,-189.5742988265728,136.3321840082565,-1.5804729866605487,0.25258825718539857,-73.22438998290367,152.6310158245096,213.7214944487312,-0.01111881028553458,10.939788463625677,19.11122085324296,-4.237217607040286,-2.060590204636661,-0.01017405502717392,0.2760424201130173,-1.1425774256643293,-0.21585769675840444,0.02450769522663891,-0.02145954828877744,2.895351479070007e-5,0.24043395532664175,-0.1297643411585249,0.4200251619256015,-0.09312529142841776,0.1180576443007481,-0.0379487643004319,0.06678453639316755,-0.1044866572697909,-0.0193185915470104,-0.11698499026398598,-0.10551018530470284,0.03105176736825707,1.6159640982382908,0.960875265669458,0.9843497225907168,0.8086851795009746,0.6238590988752284,0.938724827794174,0.8529507396125794,0.7256331154155579,1.246581471584968,1.283638507839501,0.9896954905745264,1.303351874619764,0.8747708260694387,0.8178080827825385,0.2131456940585683,10.446689834222632,0.08219442189797288,28.554365484975193,0.7279149543735348,15.232575429740056,11.997433859408869,0.47898820491472105,3.019589876759052,0.7536602491001525,0.80846351100651,0.19673228584448488,1,0,0,0,0,0.29307023798836895,0.02573254244323817,0.01322196124112049,0.1819513901758961,0.00356767431717443,0.11304272071558838,-7.41196420577332,153.7584734997844,1,1,8.214664585221685,0.7968660241874526,-1.280406565461354,-2.4464454117145724,8.214664585221685,0,0,0.2187511285378347,0,0.65441,0,0.2379,33.23,1,2.045668317122538,3.6586949695628417,0,1,0,0.502,0.5800000000000003,0.5089999999999999,-0.9310000000000004,0.8571428571428571,0.5,0.05157894736842109,0.03462157809983896,0.00332478590339965,6.208,MeFOSAA,PFAS,CN(CC(O)=O)S(=O)(=O)C(F)(F)C(F)(F)C(F)(F)C(F)(F)C(F)(F)C(F)(F)C(F)(F)C(F)(F)F,model_3
1.86075758934021,1.6945273664311216,7,6.961924999999999,0.7422394519639575,1,1,6.2659,1,0,57.47788771200001,12.884852000000008,236.60991023185525,236.70213683128011,236.76554261838464,236.8470643446618,7.4234375,34.00086805555556,34.13492063492063,-0.3124473107463375,0.00190185515304512,1.018796551614798e-5,32.322170328481604,-43.39378916832496,-8.296696884565488,-8.807830178569699,-9.318963472573902,-0.1734950345507291,-0.01594686913721488,-151.65023307103573,13.53433234046797,18.725085101460756,-0.00781118276865843,-2.410172143675146,0.07921894852206998,0.06491090451567458,-0.09786477976188554,0.00136972183224268,0.0372308261816156,-1.00986939404455,-0.24469495536977184,0.00235056290294272,2.5449514868798416e-4,3.328479404127139e-5,-0.15091772917333046,0.05731764695797002,0.00496045224397099,0.00406452557083941,0.00296950408145636,0.05963717856325615,-0.00849100616346581,-0.10810002201772068,-6.744686381131454e-4,-0.05910693233202598,-0.10103786238023986,0.00333740838407247,1.5620501080429814,0.9382893349909582,0.9369948974310086,1.1279713827835025,0.9837029166518064,0.9093184058123994,0.916292053328613,0.9199339584444028,1.4940396160038285,0.979124981100318,0.964783622415189,1.4428283789006269,0.9588154873698396,0.961854382458704,0.0699077022557324,13.511465909841917,0.0116607975571277,15.78462054748913,0.0066110613579518,14.828270926500542,11.997415682185531,0.4790509674722476,3.0083403394232024,0.664779999585525,0.7075539833919288,0.4521263971990934,1,0,0,0,0,0.2850185116648838,0.02292342883207945,0.01154141267320432,0.1869161565021306,0.0027089298043787,0.00931678732911331,-18.703749667545985,15.715728586014796,1,1,7.634496879250406,0.9358333333333332,7.634496879250406,-4.673721136600181,7.634496879250406,0,0,0.28738083427815564,0,0.65625,0,0.24048,39.27,1,1.3038417343692468,2.499175189986115,0,0,0,0.827,0.3649999999999999,-0.41500000000000015,-1.6960000000000004,1,0.5128205128205128,0.05083333333333331,0.03512132822477647,2.329196832278328e-4,10.31,PFTriDA,PFAS,FC(F)(C(F)(F)C(=O)O)C(F)(F)C(F)(F)C(F)(F)C(F)(F)C(F)(F)C(F)(F)C(F)(F)C(F)(F)C(F)(F)C(F)(F)F,model_4
1.6396915912628174,1.2571163341513183,7,7.7821324999999995,0.8573876839849062,1,1,4.2995,1,0,26.475263711999993,12.9281544,236.8470643446618,237.1079338687487,237.33619470232492,237.71662942495175,7.524553571428571,34.939236111111114,35.56481481481482,-0.3124473070092071,0.00192384957291699,3.1929813624087533e-4,30.73029390886322,-45.79149845141625,-12.527205086185246,-13.5488639057108,-14.570522725236357,-0.17881792620923126,-0.02284116557866733,-98.79740301209593,14.54432042614365,19.94157913859165,-0.01115883239318596,-2.1064475840171584,0.1264562306599767,0.07347652748358563,-0.25090488714279263,0.00288771145461755,0.0763148322635567,-1.416498275390221,-0.2425754542573516,0.00351090848415949,4.0090931170372774e-4,9.073962935441072e-5,-0.11729313095763091,0.0798859280225733,0.00704145089379456,0.00409138685711249,-3.8702794242330856e-5,0.07697540841330466,-0.02270941454210636,-0.15108063062137014,-0.00164321163261403,-0.08268076210085297,-0.14261737971877625,0.0077017640707757,1.5869374123111186,0.9113012963773957,0.907666715774157,1.0431358189936648,0.861451941931484,0.8945494717006226,0.9142252490466972,0.8845471891152322,1.489751741807127,0.9658387272389776,0.9397434106119004,1.421151949459215,0.9386340446639092,0.9398578928280455,0.1044558696411067,10.18349313653364,0.01867801858348528,12.605148329978997,0.0100579124911288,11.301335764771974,11.99745913760611,0.4789544215598993,3.00584589538035,0.2760258687115963,0.12740112457045366,1.0882754783826882,1,0,0,0,0,0.2916938897032605,0.02397089164052851,0.01229492346821511,0.08833131166169142,0.00267670641399064,0.01482174174200873,-11.79264839079196,12.517789462276577,1,1,7.5919056881820675,0.9415633608815426,7.5919056881820675,-4.385488040123453,7.5919056881820675,0,0,0.3924716553287982,0,0.65179,0,0.23611,27.19,1,1.4091467429125175,2.86575901199594,0,0,0,0.827,0.345,-0.1630000000000001,-1.128,1,0.5185185185185185,0.04933333333333337,0.0337690631808279,5.293479193574547e-4,6.786,PFNA,PFAS,FC(F)(C(F)(F)C(=O)O)C(F)(F)C(F)(F)C(F)(F)C(F)(F)C(F)(F)C(F)(F)F,model_5
1.4631221294403076,2.4861861411346364,7,6.347885,0.6208718580234058,1,0,4.2087,4,1,43.18031884800001,12.1904415,226.14876542664476,228.30879549472988,226.91713166419208,224.92904047770944,6.066358024691357,27.083877995642705,25.80274470899471,-0.25253228833283614,0.0046320522241931,0.00152637983234055,-13.870422759836416,16.289389439870575,-125.6469385191958,-55.731086644307794,-63.53944594676093,-1.2156962003288756,0.1055939899562882,-88.94498385285372,72.37393877502234,156.20075122460017,-0.00765249358584351,5.2459932658133726,3.050230164652694,-0.5495815947455474,-0.8076969078885188,-1.714925154204649e-4,0.05288764928702566,-0.9962114627234082,-0.25246247282916473,0.00508947150782384,9.480680636555988e-4,0.00114523797437445,0.1248150518153381,0.05319425634422492,0.07257245992495662,-0.0130758946398087,-0.02390230360660131,-0.01850328123187095,-0.04661923734516549,-0.08756263352182447,0.00503075352652105,-0.10364856636085085,-0.09042598995511857,-0.00706543364198669,1.6190067187697614,0.998626047558922,0.9643484099593532,0.9131912350894072,0.7692003241075164,0.8539986643346199,0.906745203477166,0.7522520799939827,1.3351697054729053,1.0893521294935569,0.8813194183976032,1.3816701004349623,0.9092607221419172,0.9194583767582994,0.26987988155354836,18.30639661160501,0.01662654501449206,11.795380520133149,0.7500191886921919,11.82649202829136,11.998999999999992,0.4601788292056157,3.0239956054687473,0.4079462400092712,0.5196693615275669,0.39278219563682776,0,0,0,0,0,0.2884079430377538,0.02379772191334577,0.01214074553641791,0.12938201539156208,0.00331748757414261,0.01388829423192936,-12.830126805701228,12.14242719064922,2,0,0,0.7762968370314149,0.3321046884662957,0,0,0,0,0.3236354402872259,0,0.65,0,0.24401,29.21,1,1.9105159790669108,3.1895415173391393,0,0,0,0.359,0.242,0.2699999999999999,-0.9680000000000002,0.8333333333333334,0.5172413793103449,0.04969696969696973,0.03411306042884991,4.62943141064312e-4,6.586999999999999,MeFOSA,PFAS,FC(F)(C(F)(F)C(F)(F)C(F)(F)C(F)(F)C(F)(C(F)(F)F)F)C(F)(F)S(=O)(NC)=O,model_6
2.3556339740753174,2.232965655918192,7,6.759029999999999,0.7054670733268291,1,0,4.106400000000001,2,1,34.81833542399998,12.670798235294116,234.4482983667593,233.83185407228223,233.32548911610476,232.5429250929212,6.505864197530864,31.860780423280424,31.533038720538723,-0.28651636770719024,0.00730832813774713,0.00114918576010414,64.77439011829593,-73.42425272466288,-21.772992936551,-24.233301515821427,-26.693610095091863,-0.15970585858370723,0.09982886894627052,-93.40464031631664,28.404541918566903,25.6282721616286,-0.00955054559023967,-6.600542738915759,0.11786011800770615,0.08715939538219217,-0.40388835859702377,0.00317358069719051,0.07640023098540986,-1.4235939940724351,-0.23305209914921335,-0.00418509413243768,0.00153013693052797,2.877903485314118e-4,-0.2064268812113507,0.07703055097553431,0.00368598425036924,0.00272584283879182,0.00142682798783412,0.11876213053705126,-0.02878942816051771,-0.1322267455887664,0.00522309686792216,-0.08772509331857584,-0.13611241830854762,0.00781975265808447,1.6275488689518394,0.9420017015255268,0.9303324583821488,1.2165358642482482,1.096786968159854,0.8707979959781341,0.9140271691241588,0.878604496259106,1.4719025437601732,0.8585150970956912,0.8702431984360394,1.4240042731385212,0.9229213424142868,0.9591024081212292,0.2554870923884188,10.53913930761416,0.00511509796865045,83.053947827799945,0.6527144135600439,21.689976971293543,11.997475866071785,0.47896639682577313,3.01631335644973,0.37810806848885864,0.1771986502358553,0.8000000000000002,0,0,0,0,0,0.29398148148148145,0.0234375,0.01193576388888888,0.10722065990080096,0.00297835166391113,1.6653345369377348e-16,-105.36087283854994,137936.29384789092,2,0,0,0.9012968370314148,3.468249561360357,0,0,0,0,0.35540627362055943,0,0.64655,0,0.24167,28.21,1,1.809458623249592,2.961472519715348,0,0,0,0.359,0.242,0.34499999999999964,-0.8640000000000001,1,0.5357142857142857,0.04952380952380956,0.03395061728395063,5.742532885992188e-18,6.197000000000001,FOSA,PFAS,N[S](=O)(=O)C(F)(F)C(F)(F)C(F)(F)C(F)(F)C(F)(F)C(F)(F)C(F)(F)C(F)(F)F,model_7
1.3968781232833862,0.923962289003605,7,6.36412,0.6244682793716121,1,1,8.278400000000001,9,0,133.58443083879203,11.427021019607835,220.87144077618612,215.74701586225189,212.61816238580656,210.61302624364717,6.0426801179288745,21.016525205761315,18.81346021947874,-0.921560582968292,0.13956709106752008,0.2768467478587052,-73.07464452785442,223.71172696869127,-433.63838556433745,-1.4610934286826591,132.79288525273117,0.2611327515423916,0.10360637680200148,-126.5618585074712,165.34383401595124,374.9994720679104,-0.01375463556669092,4.393828605895159,-7.515810212581255,4.29331058487854,-0.00901909523878184,0.01613009540401143,0.6225190999564613,-0.9079233017639972,-0.14471773788381626,-0.02606227012758624,0.01315368573872496,-0.05509740008130699,0.10943000324301472,0.10436174193247012,-0.1871841643602505,0.10692656299705888,0.293893968514282,-0.04631289010084519,0.03685473994501515,-0.10048603172229845,-0.00181821277465962,-0.06007995758504281,-0.08197818543839266,0.15122064163664908,1.6894931094595904,0.9435515124043898,0.985042571776507,0.6925986309690225,0.6684265531553588,1.0510561587941518,1.0444584605179217,0.8324159693877029,1.176266329410879,1.0339294638512486,1.0082200026221242,1.327824515965618,0.8881339903236489,0.874993042929069,1.3877787807814454e-16,67804.75706053877,6.661338147750939e-16,67805.28633685707,2.0261570199409107e-15,67805.05340040638,11.997378870549268,0.4791661719804305,2.9796405217694333,1.2840235273574314,1.2613160143997886,0.8029917331977253,0,0,0,0,0,0.2929545120048705,0.03259863961201345,0.01859121116085085,0.45187725956908886,0.00461099244458254,1.7763568394002505e-15,-200.3888498998802,67805.05813957767,3,0,9.110934108714977,0.6368493323255229,3.1541204586851648,0,9.110934108714977,0,0,0.14627960443436627,0,0.66102,0,0.25682,58.39,1,1.735380142526228,2.9795952857972003,2.065979662384912,0,0,0.496,1.833,0.23499999999999976,-2.277,1,0.5,0.04775193798449603,0.03687739463601529,3.010774304068221e-17,14.691,8:2 diPAP,PFAS,O[P](=O)(OCCC(F)(F)C(F)(F)C(F)(F)C(F)(F)C(F)(F)C(F)(F)C(F)(F)C(F)(F)F)OCCC(F)(F)C(F)(F)C(F)(F)C(F)(F)C(F)(F)C(F)(F)C(F)(F)C(F)(F)F,model_8
1.348554015159607,1.052717405554022,7,6.649549999999999,0.6842596331169313,1,1,7.2952,9,0,118.08311883879192,11.239860622222215,219.06868198109683,213.0206325726262,209.25005836457268,206.27448985681525,5.930074883626796,19.309064520870077,15.791172048116492,-0.9215625460372632,0.1365524596725065,0.28641797539617514,-74.92339555623366,204.19288492733943,-455.4277276621095,-31.66816725581415,100.52530578213263,0.24119209527778596,0.08350123347064536,-100.20559577451458,160.21064045490334,360.3534639417505,-0.01510758272192234,5.012714729885862,-8.861046474373383,4.079981896376922,-0.21991782816537608,0.012812710262747211,0.6428956094347188,-0.972752959613839,-0.13146179113322246,-0.02960089733144421,0.01465396289299818,-0.06433253374628581,0.11790107357359958,0.099509755978407,-0.20841538938681428,0.09596282087942452,0.29432814566544374,-0.04998700654311577,0.03030478085032675,-0.10746544631290247,-0.00236697093978958,-0.06550791153665175,-0.08784092772605294,0.15626131675258906,1.7117376647229456,0.9327399927770468,0.9793900023592692,0.6803380179968583,0.6563675466243483,1.07279860149251,1.07010186859443,0.825337474143598,1.152249777893153,1.0404434982942532,1.0134047914861808,1.3157203371150734,0.8774481218542663,0.8616855546160671,0.14101867341398444,14.0675656132006,0.12483960641569876,14.26296713102436,0.11182385331299775,11.652808939692475,11.99738667685306,0.4790982430239796,2.977870632658643,1.237799457665617,1.2159928715968773,0.6356390361576443,0,0,0,0,0,0.29571965933881256,0.03470778491326336,0.02035305269364253,0.4021899248803463,0.00502737406100432,0.13333013278001163,-10.679113232395496,24.17398912322285,3,0,9.090233483790447,0.6396129377676996,3.2160638381079396,0,9.090233483790447,0,0,0.14904320987654318,0,0.66038,0,0.25752,52.35,1,1.7800883602707784,3.090504777779864,2.065979662384912,0,0,0.496,1.823,0.36099999999999965,-1.9929999999999997,1,0.5,0.0468468468468468,0.03684807256235821,0.00251566288264172,12.929,6:2/8:2 diPAP,PFAS,O[P](=O)(OCCC(F)(F)C(F)(F)C(F)(F)C(F)(F)C(F)(F)C(F)(F)F)OCCC(F)(F)C(F)(F)C(F)(F)C(F)(F)C(F)(F)C(F)(F)C(F)(F)C(F)(F)F,model_9
1.0039329528808594,1.1626166455852505,7,6.96133,0.7421364210183783,1,1,6.312,9,0,102.58180683879196,10.995112410256407,216.7851875073173,209.455362116962,204.7592530029275,200.3583038747716,5.792901234567902,17.03245027434842,11.669869996258884,-0.921564509106234,0.13353782827749328,0.29598920293364483,-77.19671899163896,179.72432412305056,-482.8237930834353,-69.54146731415142,59.89425990536961,0.21634650158565505,0.05789418134403253,-73.68818620839271,153.74056010084527,341.9726242729384,-0.01675571834738607,5.739349027986952,-10.704311863742264,3.5847532584245614,-0.55191640725517,0.00697125372023822,0.6521025391321708,-1.046312274029541,-0.11444621793908766,-0.0342088212158188,0.01662048214554322,-0.07662357109715771,0.12676526435823657,0.09177835246917496,-0.23642662548721735,0.07917660909753485,0.29122074085713673,-0.0544372413404184,0.01985451565330557,-0.115586446941005,-0.00315428958014959,-0.07209085708136255,-0.0946842683561742,0.1585558360598434,1.739899253031262,0.917707565265416,0.9706667107358328,0.6688153306013336,0.6452562107927774,1.1023927722250566,1.105726261245031,0.8183999222927838,1.1243857700705788,1.0491040312280069,1.0207388380589637,1.3020732806864903,0.8642151072726739,0.84476077695523,2.775557561562891e-17,85113.35832379594,1.5265566588595902e-15,85113.71409249782,8.049116928532385e-16,85113.43018869667,11.997396276459698,0.47903493067804054,2.976100471908698,1.0605426879646576,1.0775181207901026,0.6150685486735826,0,0,0,0,0,0.29927484876816673,0.03782931995911323,0.02313789898741004,0.3525025901916038,0.00568552564825167,7.2164496600635185e-16,-163.8654924460449,85113.53591348733,3,0,9.069532858865925,0.6423765432098765,3.298098962074882,0,9.069532858865925,0,0,0.15362654320987656,0,0.65957,0,0.25839,46.31,1,1.8298413919745824,3.2098886380147267,2.065979662384912,0,0,0.496,1.813,0.48699999999999977,-1.709,1,0.5,0.04559139784946237,0.03680555555555551,1.5354148212901102e-17,11.167,6:2 diPAP,PFAS,O[P](=O)(OCCC(F)(F)C(F)(F)C(F)(F)C(F)(F)C(F)(F)C(F)(F)F)OCCC(F)(F)C(F)(F)C(F)(F)C(F)(F)C(F)(F)C(F)(F)F,model_10
1.4309673309326172,2.7521292434112885,7,7.106212499999999,0.7663897949053963,1,1,5.4846,1,0,47.63366371199999,12.943231363636368,235.22901016806776,234.96558824996507,234.7714878892578,234.5045998932853,6.769973544973545,34.21978557504873,34.436776620370374,-0.3076064129303362,0.00641040155503828,9.572448919109576e-5,23.495686045099596,-34.150489862752806,-6.502304832755751,-6.8369123920490615,-7.171519951342372,-0.03284731537556779,0.08896339903730022,-121.2475582999929,17.040612951300712,12.784321138482454,-0.00878875465515246,-5.865147040015914,-4.422109095395797e-4,-4.954876929743316e-4,-0.09115883189398748,0.00149575250000003,0.05729027050871144,-1.2514836743485422,-0.23436770420963263,-0.00253943428253069,0.00102927387301812,1.2334580097563805e-4,-0.2592602160303045,0.04464069711597224,-1.9547284178211807e-5,-2.1902306190184428e-5,-2.4899606932695037e-5,0.04482260340316305,-0.00725511443829729,-0.1254230506174614,0.00369985825061675,-0.05007828442632537,-0.1240255914284777,0.00452531097650546,1.6019804549744232,0.9350256284033048,0.932219450490591,1.4893272127095172,1.1422521778685153,0.8849086047751106,0.901503567411726,0.9329654291276837,1.3840411131020858,0.8672605315729129,0.876553184260341,1.4212902462196444,0.9425206181848224,0.956007606870412,0.20208335348338183,12.944246632886337,0.00637982144780538,98.79984178308098,0.5162011464493256,12.087439032762669,11.997445366655866,0.47902685031260334,3.010157347661482,0.472758300029053,0.49817996185385693,0.5944007179596923,0,0,0,0,0,0.2897727272727273,0.02294146825396825,0.01157407407407407,0.15338729688835276,0.00284050549793245,5.828670879282072e-16,-122.7750037257575,114292.01072777691,2,0,7.841933223939498,0.8107275914968224,7.841933223939498,0,7.841933223939498,0,0,0.3160873593264466,0,0.65714,0,0.23951,34.25,1,1.5529018256258942,2.718128820706468,0,0,0,0.003,1.006,1.0349999999999997,-0.9759999999999998,1,0.5294117647058824,0.0503703703703704,0.03472222222222221,1.6653345369377347e-17,8.094,PFDS,PFAS,O[S](=O)(=O)C(F)(F)C(F)(F)C(F)(F)C(F)(F)C(F)(F)C(F)(F)C(F)(F)C(F)(F)C(F)(F)C(F)(F)F,model_11
2.7446460723876953,2.59,7,7.5233075,0.8268528354210395,1,1,4.5014,1,0,32.13235171199998,12.985421624999995,234.96558824996507,234.50459989328525,234.11453282224863,233.49042550858996,6.683588761174968,34.75391737891738,35.26134259259259,-0.30760640258124494,0.00647661645544085,0.00165573179976789,23.324335986146412,-35.409552168318186,-8.016914637254544,-8.498749522636885,-8.980584408019226,-0.01638806404748377,0.09956127837371254,-94.6839012165881,17.47821482575651,13.366768118427093,-0.01060711733038775,-6.553439989638346,-6.755304613247393e-4,-7.825938538732246e-4,-0.14910086881819096,0.00225853736842108,0.07978762528551474,-1.4998453866630903,-0.23099220885389535,-0.00314524436692524,0.00132239889623938,2.759379938620572e-4,-0.26237683913646737,0.05013313276378701,-2.704587933406345e-5,-3.133232348683101e-5,-3.7226184196856775e-5,0.05151736503438364,-0.01198410796301241,-0.15109246224713063,0.00534317827466171,-0.05934101715581096,-0.1488137882614764,0.00704483419853387,1.6222732370878892,0.9199194642778876,0.914738630305701,1.488400017239453,1.115672698982901,0.8807197990475614,0.9093577501884086,0.9164763301405874,1.369169225933147,0.8500296445876896,0.8641206915929305,1.408005969370998,0.9303099019560972,0.9452906670124978,0.24608598475753177,10.670188120070868,0.00768529384846444,71.44199987048019,0.6297767856262173,18.0199613672742,11.997475873107865,0.4789785687074995,3.0150981305510633,0.34495348357018935,0.14872311974341712,0.9758181809338904,0,0,0,0,0,0.29398148148148145,0.0234375,0.01193576388888888,0.1040948744681332,0.00289152429078147,1.6653345369377348e-16,-105.36087283854994,137936.29384789092,2,0,7.816442725219105,0.8142485460667279,7.816442725219105,0,7.816442725219105,0,0,0.3692951625094482,0,0.65517,0,0.2372,28.21,1,1.6321654021612106,2.914409345247941,0,0,0,0.003,0.9960000000000002,1.161,-0.6920000000000001,1,0.5357142857142857,0.04952380952380956,0.03395061728395063,5.742532885992188e-18,6.332000000000001,PFOS,PFAS,O[S](=O)(=O)C(F)(F)C(F)(F)C(F)(F)C(F)(F)C(F)(F)C(F)(F)C(F)(F)C(F)(F)F,model_12
2.6885035037994385,2.4306012573271842,7,8.0121,0.8800300329585761,1,1,3.5182,1,0,15.262049712000003,13.078240200000002,234.50459989328525,233.49042550858996,232.06717682489048,230.1957922478083,6.552133655394525,35.90608465608466,41.4375,-0.30760084909930907,0.00803662594869512,-0.04490877125169064,23.061734105063252,-37.38179751648963,-10.422672367720184,-11.175539376130086,-11.928406384540018,0.00669483069663995,0.11096134708392656,-67.55481518471095,17.961825107749757,14.19392780849912,-0.01337394996083952,-7.626170314771549,-0.00116146449469563,-0.00143040979568772,-0.2865522916956432,0.00384342908653849,0.11652404117017896,-1.8712607977579143,-0.2257344167942684,-0.00401961030184637,0.002253414274403,-8.453712356786981e-4,-0.2674997794374287,0.05778717764126543,-4.074017276452534e-5,-5.017384729927409e-5,-6.526772655488037e-5,0.06055244274759015,-0.02401202102687086,-0.1900444259647912,0.00851972149498533,-0.07285858908926231,-0.18605092756134323,0.01282410502898897,1.6526452600750874,0.8948635405714742,0.884969637574921,1.487296403538774,1.0867864885614738,0.8890842553033265,0.95167890572211,0.889161362671957,1.3507827163893589,0.8288308279104437,0.8528577042373896,1.389576805410711,0.9109990559742256,0.926651003713662,0.3076815704352441,8.494346439335322,0.00910251366695663,48.20043936371585,0.7051213009618238,14.333297277680233,11.997523486260356,0.4789331279955277,3.0348545460167293,0.1702871794178287,0.24995600617524796,1.7592834432512607,0,0,0,0,0,0.3005952380952381,0.02459490740740741,0.01302083333333333,0.0545889088267253,0.00303271715704029,3.8857805861880484e-16,-81.613286482718,173917.20269384314,2,0,7.775196168745275,0.8203703703703704,7.775196168745275,0,7.775196168745275,0,0,0.43935185185185177,0,0.65217,0,0.23368,22.17,1,1.736196715624298,3.136842188131012,0,0,0,0.003,0.9859999999999998,1.287,-0.408,1,0.5454545454545454,0.04800000000000003,0.0324074074074074,1.68946982008176e-17,4.57,PFHxS,PFAS,O[S](=O)(=O)C(F)(F)C(F)(F)C(F)(F)C(F)(F)C(F)(F)C(F)(F)F,model_13
2.5565152168273926,2.8680486449964864,7,6.970849999999999,0.743781523718057,1,1,6.5344,1,0,54.384863712000005,12.942410507462691,230.8988512525456,230.69172758341628,230.07396064466153,228.99379654646455,6.550518689986283,31.60192901234568,31.344181190994913,-0.5852703225023949,0.412784549234508,0.05443242035467845,-3.8384837774797376,-50.20222921001989,37.871864753089994,45.179653207947354,-49.16281057185672,-0.9999600957515182,-0.17629729555188411,-122.56433267097188,12.486603306808302,11.320513498149491,-0.01625750895839985,-5.184244123620154,-1.2450119818014596,-0.9671315846907388,0.6274951834437132,-0.01420037776966152,0.29107924373646094,-1.4054703513975657,-0.20542004722087295,0.00633094738649248,0.06859838451413744,-0.07867472169579369,-0.16602030639082505,0.05747605940068785,-0.03987028113456008,-0.03097143540734329,0.01985332268666035,-0.00679281634747562,-0.04674708820134203,-0.18704798368518724,-0.002651779352951,-0.0763849232196829,-0.13755684060596693,0.03970495626342931,1.7197922325789816,0.8795717983107338,1.0408186171604432,1.2801948933168998,1.0254731210905133,0.8813448540408607,0.8649457791345752,0.9221555831104076,1.2894847185664469,0.8806745706132905,0.7144416780353234,1.3788947065276915,0.950119525243254,0.9599488547811336,0.181523387827133,14.802966867745477,0.05145296922015149,11.62392735727979,0.3749619323729214,11.035265151046026,11.998531724310348,0.45994461428419187,3.98244921875,0.4976849511304364,0.6430576945919214,0.5712009641729223,0,0,0,0,0,0.29581408430243294,0.02690331683399366,0.01386233693897878,0.15941389973879275,0.00279673508313671,0.10430518635317156,-8.137563094330794,11.163395763642932,2,0,7.906323535838968,0.8139480977576217,-2.8588351653188653,0,7.906323535838968,0,0,0.31035422382258804,0,0.66667,0,0.24077,35.26,1,1.7592413968013587,3.4521682302599266,0,0,0,0.003,1.237,1.444,-0.7969999999999999,0.8571428571428571,0.5428571428571428,0.04820512820512824,0.03784219001610304,0.00289736628758809,7.695,11Cl-PF3OUdS,PFAS,O[S](=O)(=O)C(F)(F)C(F)(F)OC(F)(F)C(F)(F)C(F)(F)C(F)(F)C(F)(F)C(F)(F)C(F)(F)C(F)(F)Cl,model_14
2.2216570377349854,2.699535058394994,7,7.3745575,0.8068834320146713,1,1,5.5512,1,0,38.44087171199999,12.983438204081631,229.38569717200303,228.67015751977328,227.54654919921896,219.96898394777875,6.4231224279835395,30.981095679012345,29.18439019827909,-0.5852624054344263,0.41212079511987254,0.01734073735895196,-3.7777793807896103,-50.02988505930939,38.105277359248234,45.25114529807988,-49.157539864942905,-0.9835116725950348,-0.21779388149918644,-94.8038844575358,11.779118942992774,11.373564975993336,-0.01950874684781421,-5.9081758361579,-1.6191220505611608,-1.3793393221474768,0.8379841721866644,-0.01897989756041154,0.3689360095011366,-1.6561513989316523,-0.19594475414295331,0.00797431054343816,0.08795103075072984,-0.10851563974861464,-0.16818902441769767,0.06256739815592906,-0.04609181677201962,-0.03926588195178293,0.01951775349760334,-0.0076509306893387,-0.06095270594800987,-0.22560172985067503,-0.00543741100808426,-0.090041100336355,-0.1623390611514773,0.0536765608529189,1.762016412136869,0.849088571422198,1.0610028157286624,1.2685958838447,1.0048879071233756,0.8842480647821236,0.8679006379868116,0.8992321155899476,1.2666639281208925,0.8740025461755829,0.676219345725397,1.3612387637954364,0.9405091764388102,0.9500933246081674,0.0967729184509794,10.450451627620366,0.04419846869815658,10.02246890320416,0.55498756665598,12.169622014398133,11.99854338805392,0.4598852433661546,3.9780312500000017,0.36196366224356946,0.24795188653648348,0.6184763580135858,0,0,0,0,0,0.30126442996841823,0.02885403981340796,0.01529381351922592,0.10921271474264356,0.00280032601904214,0.08849381445062124,-7.274467867872651,9.720661446141362,2,0,7.897882856044758,0.8139026063100137,-2.674472862147142,0,7.897882856044758,0,0,0.3679650013297499,0,0.66667,0,0.23879,29.22,1,1.857422116838488,3.663873729741714,0,0,0,0.003,1.2270000000000003,1.5699999999999998,-0.5129999999999999,0.8333333333333334,0.5517241379310345,0.0466666666666667,0.03812636165577343,0.0029497938150207,5.933,9Cl-PF3ONS,PFAS,O[S](=O)(=O)C(F)(F)C(F)(F)OC(F)(F)C(F)(F)C(F)(F)C(F)(F)C(F)(F)C(F)(F)Cl,model_15
2.4861128330230713,0.8058055098652304,7,7.64677,0.8420855753252221,1,1,3.721400000000001,5,0,48.85631855999999,12.026239363636368,221.8743197390129,224.2791990738257,222.3977741063596,219.8108147760938,5.8294312169312175,25.897417153996106,24.55396412037037,-0.3932170350143708,-0.24191784743587996,-0.00731845104326488,18.974453025573226,56.510992074439685,82.13000791524445,73.64089483585423,-77.06161856262307,0.18750931559181927,0.10964655815474336,-55.65800126259761,91.37974101514612,114.46058999993645,-0.01123477242898202,-4.266466745444167,3.671614053250601,5.543702855353393,0.9818785978113896,0.02771236484567907,0.1228075115756322,-1.2008868032269808,-0.16269635092548582,-0.00528560356648692,-0.04899607915761761,0.02337185847877402,-0.09421940614124556,0.06940418382799556,0.08108285293598576,0.12242551554226322,-0.03739700610314789,0.0219367849808638,-0.04724609820169277,-0.07289242121566437,0.00228190776142545,-0.04257737228148348,-0.1080880835627788,-0.01376691804889527,1.6218312453815371,1.0091174874889155,0.9575475231322664,0.8326871743379413,0.8944273118553636,0.8109937764365954,0.8941328183799481,0.8766144961663157,1.3672686631493285,0.8559718504736171,0.8796940646106849,1.2835838851354335,0.8456507067552742,0.9250936094173812,0.17935069272975673,11.588250157970135,0.2234652607732658,10.822290991293134,0.6323395695832783,12.962633057711264,11.99744537778466,0.47894897782480983,3.010693965404492,0.5113302744325853,0.4968510551243095,0.2408508651672279,0,0,0,0,0,0.3025811365761251,0.02865671994667057,0.01507357401524046,0.17995794724712663,0.00428471302969349,0.18833007399719984,-5.175633342875667,10.531303901759362,2,0,8.20853044616172,0.7082275914968224,8.20853044616172,0,8.20853044616172,0,0,0.3160873593264466,0,0.64516,0,0.25194,30.21,1,1.8624061895887103,3.068050087958792,1,0,0,0.003,0.9960000000000002,1.161,-0.6920000000000001,1,0.5333333333333333,0.05460317460317464,0.03425925925925926,0.00607516367732902,7.048,8:2 FTS,PFAS,O[S](=O)(=O)CCC(F)(F)C(F)(F)C(F)(F)C(F)(F)C(F)(F)C(F)(F)C(F)(F)C(F)(F)F,model_16
0.9452592730522156,0.74796010939793,7,8.120687499999999,0.8892536131132287,1,1,2.7382,5,0,33.355006559999985,11.724557625000005,217.96870952207712,219.8108147760938,216.02987421647433,208.40919598691664,5.54845146871009,22.633725071225072,16.211342592592594,-0.3932188921628186,-0.24497059409759492,0.00368052298391147,17.642289941357767,24.16710175736867,51.31922002468434,48.20632909544973,-103.62449243865666,0.1980964554442464,0.11631040254283054,-29.98791503642112,84.07568184455228,98.49423725422962,-0.01355927214354546,-4.643663220885381,3.332465362623573,6.221544416682914,0.8457250718499953,0.02928587959064327,0.07791524067380606,-1.3837729444891171,-0.1366924454402745,-0.00700691842242677,-0.06655386251904766,0.02908017583712035,-0.09067697663416842,0.04906772098817782,0.0650731694886303,0.12148831878303916,-0.07092481696321681,0.02249927274021194,-0.07984223803181133,-0.07884170706449321,0.0034557876060033,-0.0492326958035489,-0.12455664135220182,-0.03828978623946969,1.6540896579081676,0.997705989892926,0.919540536467642,0.8199835472879667,0.8909017990659913,0.8370030830839932,0.9596397390794928,0.8729135840507691,1.3494744473239382,0.8358410779451987,0.8666665149424453,1.254283579303476,0.8154938555257911,0.9120075844811928,0.23293370537069907,10.420467083367464,0.25874992882612874,11.212580163991497,0.711888399946834,10.293398895334006,11.99747588928101,0.4789051979506763,3.017241072548168,0.3648140737560232,0.1540452030686729,0.5568563058602602,0,0,0,0,0,0.31123962836961366,0.03245053688727876,0.01830815126533831,0.1302706125583842,0.00542794218993267,0.21834781590669716,-3.804165004544512,10.38574986559513,2,0,8.183039947441328,0.7117485460667279,8.183039947441328,0,8.183039947441328,0,0,0.3692951625094482,0,0.64,0,0.25224,24.17,1,1.9578824518607028,3.2825887305018333,1,0,0,0.003,0.9859999999999998,1.287,-0.408,1,0.5416666666666666,0.05511111111111115,0.03306878306878307,0.00873391263626788,5.2860000000000005,6:2 FTS,PFAS,O[S](=O)(=O)CCC(F)(F)C(F)(F)C(F)(F)C(F)(F)C(F)(F)C(F)(F)F,model_17
1.0488394498825073,0.6938370863343315,7,8.753767499999999,0.9242812741385157,1,1,1.755,5,0,15.628977918000002,10.943149,211.1338916424395,208.40919598691664,213.0297462135762,230.1957922478083,5.120873590982287,19.906084656084655,41.4375,-0.39363484334105425,-0.23397124255119597,-0.06477244150160227,15.478114509028288,-26.837695808304854,1.1206988447341075,4.578763886691348,-37.97851017476988,0.21056969485617957,-0.12763396590182438,-4.511244163666742,72.01062393912942,72.69103428998055,-0.01711455840613279,-5.325376952221119,1.518080511123502,6.234637883709043,0.11740420222285508,0.02278373677884612,-0.13211936885160602,-1.626111285322773,-0.09113373943527232,-0.01365831713223206,-0.09510769385856234,0.1516223230240275,-0.08949358170492348,0.00700385348497194,0.02551152030659895,0.10477381786346812,-0.30515829009665674,0.02216496367712007,-0.04169591168013312,-0.08379578882761923,0.00544096912983294,-0.05867259438558218,-0.14803015805226272,-0.40942954820381183,1.709902506274844,0.96082252305574,0.7485783570447535,0.8137310332425886,0.8990858413240423,0.9087674814306456,1.014620235933542,0.8789176673019077,1.3269632187127671,0.8099373976628431,0.8538104908588723,1.2188222186272744,0.7669080687645253,0.8891698380555416,0.31620160070004544,9.424960932612574,0.2585691058240217,18.021956479877613,0.6802898010897915,9.829320239490883,11.997523512031329,0.47885907248949006,3.043421844249529,0.21181262936203007,0.21898221758468792,0.7499999999999999,0,0,0,0,0,0.32639198900821886,0.04270833333333333,0.0234375,0.08239210336773631,0.00686600861397802,0.21966033712053695,-2.8797784109818236,13.123724064650323,2,0,8.141793390967498,0.7178703703703704,8.141793390967498,0,8.141793390967498,0,0,0.4415740740740741,0,0.63158,0,0.25273,18.13,1,2.068144667641655,3.4906015629507228,1,0,0,0.003,0.976,1.4130000000000005,-0.12399999999999994,1,0.5555555555555556,0.05629629629629633,0.02546296296296294,0.0115610703747651,3.524,4:2 FTS,PFAS,O[S](=O)(=O)CCC(F)(F)C(F)(F)C(F)(F)C(F)(F)F,model_18
0.4959905445575714,1.709605274707171,7,6.444275000000001,0.6419159520467952,1,1,7.7407,1,0,80.72985571199996,12.87132,236.52097743955272,236.57532525707097,236.60991023185528,236.6514122015965,7.380102040816326,33.744949494949495,33.81319444444444,-0.3124473107463375,0.00190185506857186,1.0082166321020993e-5,33.008566422517674,-42.44790800615544,-6.602109380823678,-6.9457954077121125,-7.289481434600565,-0.1712001498804519,-0.01300185483826132,-190.61177716150985,13.040394483636163,18.16962222222223,-0.00637647572951709,-2.5090860311854297,0.05728942535832583,0.050198295856255,-0.05936577271548814,9.035460923076412e-4,0.02481305681526773,-0.8309223922902493,-0.2456306084711366,0.00188437747669106,2.0075260330176147e-4,2.570469138874975e-5,-0.16637121897076151,0.04743497358596576,0.00379871850248833,0.0033285234416272,0.00277996253728921,0.05089766585831828,-0.00509964754970594,-0.08910958226795611,-4.193577524122577e-4,-0.04870469400047819,-0.0829211222797426,0.00213530036057379,1.5510826527126065,0.9496886966899372,0.9489494039696909,1.173693305818501,1.0485081790760316,0.9202026170844924,0.9243399318382718,0.93481130380139,1.4955383398684952,0.9839330181950234,0.9733636416729752,1.4526130215001702,0.966893030165653,0.9699786514650264,0.05488420519606338,14.893804822816705,0.00883150356162293,13.884988678012656,0.00506770102956177,13.97398494909348,11.997396275077268,0.4791317906071183,3.008483377376823,0.9218806136485846,0.976257974095414,0.02262913800722294,1,0,0,0,0,0.28227299327813204,0.02260918998954474,0.01134714817136561,0.26085479013246,0.00271723739721312,0.0070905220388748,-24.250081923125485,13.931926384089214,1,1,7.65150320394123,0.9337962962962963,7.65150320394123,-4.807322312671099,7.65150320394123,0,0,0.23628322625346443,0,0.65816,0,0.24236,48.33,1,1.252254477334862,2.303454830197882,0,0,0,0.827,0.37999999999999984,-0.6040000000000002,-2.122,0.8888888888888888,0.5104166666666666,0.05138211382113811,0.03557504873294342,1.4470453140560832e-4,12.953,PFHxDA,PFAS,OC(=O)C(F)(F)C(F)(F)C(F)(F)C(F)(F)C(F)(F)C(F)(F)C(F)(F)C(F)(F)C(F)(F)C(F)(F)C(F)(F)C(F)(F)C(F)(F)C(F)(F)C(F)(F)F,model_19
2.0428977012634277,1.5594822204363938,7,6.781342499999999,0.7096718319800159,1,1,6.7575,1,0,65.22854371200002,12.879439200000007,236.57532525707097,236.6514122015965,236.70213683128017,236.76554261838464,7.406976744186046,33.89660493827161,34.00086805555556,-0.3124473107463375,0.00190185506978506,1.00859010240123e-5,32.58260183376517,-43.02857309227849,-7.644416043038652,-8.088225478586732,-8.532034914134815,-0.172624292564166,-0.0148274812560204,-164.68073312792234,13.35112879903552,18.51655762167124,-0.00726621652898459,-2.44998263497343,0.07080470962156517,0.05969429666205354,-0.08169924725845185,0.0011804297520661,0.03221457429755386,-0.9422332635285184,-0.24504838757338057,0.00217143715432876,2.3363641114139595e-4,3.030370811536345e-5,-0.15669746736394044,0.0535831393654286,0.00452857033219699,0.0038179638375751,0.0029652360440288,0.05641724965863813,-0.00705837485873958,-0.1009286915186771,-5.68237202159022e-4,-0.05517780648458537,-0.0941780925998419,0.00284167252561892,1.5579059672840014,0.9426276533103544,0.9415682189480832,1.144554514077838,1.0072788294030273,0.9131455501155702,0.9189114553479668,0.9256012508344752,1.4946319128691032,0.9810096255333678,0.9681780027257262,1.446509094867947,0.9619190113976612,0.9650187633058586,0.0641944342500764,13.735327458334163,0.01056854872356116,12.60166721093825,0.00602347087875398,12.691027796195517,11.997408370508772,0.47907704393629663,3.008422711371588,0.7562447363639522,0.8097669110969742,0.31224523023872847,1,0,0,0,0,0.28396775771439853,0.0227970109069218,0.01146171441603972,0.21156236771224035,0.00271233804759282,0.00845839952555033,-20.52215980994378,12.655539297365292,1,1,7.6410593792504065,0.9350260416666668,7.6410593792504065,-4.7237268055344215,7.6410593792504065,0,0,0.26886231575963704,0,0.65698,0,0.24119,42.29,1,1.2847740852913858,2.4278018885199155,0,0,0,0.827,0.3699999999999999,-0.4780000000000001,-1.8379999999999992,0.875,0.5119047619047619,0.05104761904761899,0.03530092592592588,1.967069657104728e-4,11.191,PFTeDA,PFAS,OC(=O)C(F)(F)C(F)(F)C(F)(F)C(F)(F)C(F)(F)C(F)(F)C(F)(F)C(F)(F)C(F)(F)C(F)(F)C(F)(F)C(F)(F)C(F)(F)F,model_20
1.5951015949249268,1.8095199354610823,7,7.153812499999999,0.7739922321690367,1,1,5.7743,1,0,49.727231712,12.891618000000005,236.65141220159643,236.76554261838464,236.84706434466185,236.9557599796981,7.442567567567568,34.13492063492063,34.313657407407405,-0.3124473107463268,0.00190185880448805,1.2000748174215148e-5,32.01995838705007,-43.8272256950862,-9.067801569658176,-9.66282585443729,-10.25785013921639,-0.17450549790257686,-0.01724887141804543,-138.5632686932405,13.740529869369102,18.963681132656223,-0.00844452191206288,-2.360485631754197,0.08897092384452955,0.07010271376592019,-0.11929414635107766,0.00160908094798399,0.04352560803210235,-1.0879609266468655,-0.2442872089906326,0.00256199705973463,2.794615556965557e-4,3.6935874766667195e-5,-0.1443244504672049,0.06163202602733853,0.0054398465801627,0.00428620937336836,0.00284416286487544,0.06323203811947307,-0.01040979063306854,-0.11637099509813464,-8.137119799414546e-4,-0.06363998912054519,-0.1089771657389152,0.00397918819342247,1.5668331371634707,0.9332321363609536,0.9316227884212298,1.109793581688219,0.9577550811155708,0.9053520486347348,0.9139650313108444,0.9133193734209584,1.4933151000213567,0.9768415878173976,0.96061790560016,1.4386052769545254,0.9551503541694412,0.9580458414368392,0.07653818820097213,12.563149905169778,0.01295270210904869,11.253454615016432,0.00729084162556692,11.341166688186496,11.9974240911682,0.47902570268149214,3.008174701809497,0.5687373054369699,0.5899588230337985,0.5306907113181141,1,0,0,0,0,0.2862520054328446,0.02308282534640865,0.01164502040751831,0.1622699452920208,0.00270449908820034,0.01033092086666825,-16.918671263271186,11.316598372577175,1,1,7.626724770406869,0.9368197278911564,7.626724770406869,-4.616723189492347,7.626724770406869,0,0,0.3095546343537414,0,0.65541,0,0.23966,36.25,1,1.3252571187602915,2.5777953560086293,0,0,0,0.827,0.36000000000000004,-0.352,-1.5539999999999996,0.8571428571428571,0.5138888888888888,0.05057471264367817,0.03490028490028488,2.792140774775205e-4,9.429,PFDoDA,PFAS,OC(=O)C(F)(F)C(F)(F)C(F)(F)C(F)(F)C(F)(F)C(F)(F)C(F)(F)C(F)(F)C(F)(F)C(F)(F)C(F)(F)F,model_21
1.7662447690963745,1.6081279051160644,7,7.3546249999999995,0.804073287158524,1,1,5.2827,1,0,41.97657571199999,12.900317142857146,236.70213683128011,236.84706434466185,236.9557599796981,237.10793386874877,7.4650735294117645,34.313657407407405,34.56388888888889,-0.31244731074512433,0.00190196086898035,3.2076669371772226e-5,31.665038299050643,-44.34937178930821,-9.9927048736475,-10.6941049285218,-11.395504983396098,-0.17569223516642407,-0.01878208460053798,-125.40594173472849,13.973977760048882,19.239280045351403,-0.0091896267866213,-2.2973548547924723,0.1001943495245734,0.07458749298931834,-0.14852923511835833,0.00191818448979595,0.05157830774055613,-1.1791334867280228,-0.24381159203232747,0.00281537816549434,3.0990232004684225e-4,4.1801227102446225e-5,-0.13672092254233756,0.06667699951828986,0.00596279842095466,0.00443887492188964,0.00247954470880602,0.06726620338725471,-0.01306438112221367,-0.12601634493311606,-0.00100131408653823,-0.06892828443804837,-0.11827312963289868,0.0048329176698126,1.572415137280391,0.9272578377889682,0.9252133758449266,1.089788151296965,0.9290576168863875,0.9013635654563432,0.9122847177314324,0.9054942299681382,1.4924119639388462,0.974022584647235,0.955395549324502,1.43371089996006,0.950752821783581,0.9533706246118002,0.08430344481395516,11.887458168439183,0.01449847500250206,14.23196231782542,0.00808004699061798,13.133991637136594,11.99743386731787,0.4790012128251146,3.007842530285381,0.4698460169064024,0.4548874138242941,0.6135266446376991,1,0,0,0,0,0.28772045039470284,0.02329004081503662,0.01178519557747252,0.13762373408191098,0.00269850458984139,0.01154335147924309,-15.16959516666824,14.155476685954918,1,1,7.617396186902461,0.938042406311637,7.617396186902461,-4.551172153989387,7.617396186902461,0,0,0.3329921343537414,0,0.65441,0,0.23868,33.23,1,1.3494997688488457,2.6645783739023834,0,0,0,0.827,0.3549999999999998,-0.28900000000000003,-1.4119999999999997,1,0.5151515151515151,0.0502564102564103,0.03462157809983896,3.3951033762479694e-4,8.548,PFUnDA,PFAS,OC(=O)C(F)(F)C(F)(F)C(F)(F)C(F)(F)C(F)(F)C(F)(F)C(F)(F)C(F)(F)C(F)(F)C(F)(F)F,model_22
1.6042507886886597,1.479780369420235,7,7.5607925,0.8316063945832308,1,1,4.7911,1,0,34.225919711999985,12.911915999999998,236.76554261838464,236.9557599796981,237.10793386874877,237.33619470232497,7.491935483870968,34.56388888888889,34.939236111111114,-0.3124473106618534,0.00190377365163794,1.5718840538482548e-4,31.24230892430492,-44.98960860014455,-11.121310033056584,-11.960387247139604,-12.799464461222623,-0.17710576211173515,-0.02061400092154236,-112.15939685148456,14.239849158592875,19.5610894097222,-0.01007894550522107,-2.2154384900118003,0.11285952962668694,0.07684988762398477,-0.18984741662126356,0.00232767857142861,0.06211998182612724,-1.2869713349154317,-0.24324962941722533,0.00312463086780075,3.481374232872716e-4,5.1854210323665346e-5,-0.1278375705520517,0.07266176589886486,0.00651233972243847,0.00443447334482126,0.00166398484133159,0.07181691533829353,-0.01689053313607128,-0.13741100859498948,-0.00126278720573469,-0.07517850515762535,-0.12930685473787593,0.00600834480135952,1.579014546241913,0.920085828513096,0.9174143737800852,1.067678408707309,0.8971477404105112,0.8975956641258228,0.911922739491438,0.896085810030459,1.4912605095559053,0.9704624026825106,0.94867582828103,1.42797227821001,0.9453737258624234,0.9474894277406748,0.09348667396010568,11.405499840610846,0.01637234627245781,9.825861762611169,0.00899713800140597,9.907592660524696,11.99744537806845,0.4789774633146773,3.007177287538105,0.37082672712293746,0.30072309270819597,0.8089228743101295,1,0,0,0,0,0.28949804166432075,0.02357039115494505,0.01198544582026425,0.1129775228718012,0.00268994102075717,0.01301272145065254,-13.459666263340496,9.90195341785861,1,1,7.606024145482343,0.9395833333333332,7.606024145482343,-4.475012833511884,7.606024145482343,0,0,0.361859410430839,0,0.65323,0,0.23752,30.21,1,1.3771905092405703,2.760390722331039,0,0,0,0.827,0.3499999999999999,-0.2260000000000003,-1.27,0.8333333333333334,0.5166666666666667,0.04985507246376815,0.03425925925925927,4.197652080855661e-4,7.667,PFDA,PFAS,OC(=O)C(F)(F)C(F)(F)C(F)(F)C(F)(F)C(F)(F)C(F)(F)C(F)(F)C(F)(F)C(F)(F)F,model_23
1.5414724349975586,0.9490832249818826,7,8.02281,0.8809816100328041,1,1,3.8079,1,0,18.724607712,12.952512,236.95575997969803,237.33619470232497,237.71662942495183,238.4774988702056,7.565,35.56481481481482,36.97222222222222,-0.31244720486144506,0.002048961324894,-0.00307784939023343,30.09738229723917,-46.82226836565328,-14.32328029750531,-15.59430850345356,-16.865336709401824,-0.18093448919750063,-0.02560666207050138,-85.282372757840193,14.894418011868344,20.398011176857302,-0.0124978881944578,-1.9569501218636876,0.13913964326644634,0.05640979907562122,-0.3465401889656347,0.00368579408284025,0.09612226552489112,-1.5749798652202451,-0.24175131076841355,0.0040105944784365,4.963856445445799e-4,1.556306845420638e-4,-0.10452717404100108,0.08879520326668953,0.0074319082255729,0.00301303381201152,-0.00361527780833056,0.08284513249794284,-0.03223820081100216,-0.16778624766059486,-0.0022287856138672,-0.0918557449949219,-0.15899328518021075,0.01030072367954836,1.596626170270506,0.9002493258030213,0.8950738255436397,1.0157725558244382,0.8212502169998439,0.8932947884120687,0.9221327624991968,0.8700392071689509,1.4877066588995829,0.9596187314131503,0.9273627837014662,1.412915242843462,0.9299262548594962,0.9295446104175888,0.11767971002196154,10.35073983004608,0.02156348052314366,8.297335271946679,0.01126415178088147,8.363172068638228,11.99747588969347,0.47893205684592977,3.0031821825741405,0.19298764026408555,0.06122811993088391,1.4171487371428686,1,0,0,0,0,0.29447529721925075,0.02458984693643023,0.01283650935212911,0.06368510045158163,0.00265354585214923,0.01709010616915668,-10.173138923795912,8.3925766322101,1,1,7.573992465041572,0.9441666666666666,7.573992465041572,-4.278821373456786,7.573992465041572,0,0,0.43166666666666664,0,0.65,0,0.23436,24.17,1,1.4464643745207932,2.9800914122487634,0,0,0,0.827,0.34000000000000014,-0.10000000000000014,-0.9859999999999998,0.8,0.5208333333333334,0.04862745098039219,0.03306878306878307,6.836042467662673e-4,5.904999999999999,PFOA,PFAS,OC(=O)C(F)(F)C(F)(F)C(F)(F)C(F)(F)C(F)(F)C(F)(F)C(F)(F)F,model_24
1.0742629766464233,0.6900608991960049,7,8.298295,0.9023103526349587,1,1,3.3163,1,0,10.973951712000003,12.993108,237.10793386874872,237.71662942495183,238.4774988702056,227.83953581707772,7.616477272727272,36.97222222222222,36.583333333333336,-0.3124453884530967,0.00221107172610302,-0.02476396973922343,29.29505501933316,-48.19086740863861,-16.691295812373212,-18.3155208921861,-19.93974597199899,-0.18361780088668747,-0.02913192224510197,-71.55850891645062,15.297097979787626,20.954854547364,-0.01420206311150439,-1.743996222677556,0.1452752197663999,0.0049941796167394,-0.5087644692273917,0.00488874102079393,0.12509540233759708,-1.7733281539401573,-0.2407157249455994,0.00470158580829459,6.39941145706398e-4,-0.00103535173713083,-0.08867524687687355,0.1000847546065658,0.00738666506863149,2.539340995715537e-4,-0.01163395084886165,0.08953108977447684,-0.04965444026552567,-0.18867382038497807,-0.00320289478381405,-0.10333831556261672,-0.17963675774218468,0.01469138921764622,1.6087444009717722,0.885880562460808,0.8787631647575995,0.9851389999266064,0.7756248859053319,0.8962838876327008,0.9429998859093676,0.8511985589301211,1.4848128444155373,0.9508606322496006,0.9092206168530932,1.402775913041412,0.9182088005387804,0.914816018804094,0.13371568552554525,8.400745100072823,0.02524437830245579,10.905620449169003,0.01257148464678081,9.274563489256405,11.997496755068248,0.47891034251676895,2.9978537455804406,0.13642420039550943,0.2518993215111924,1.7764668840729525,1,0,0,0,0,0.29811252243246883,0.02567301870425823,0.01406828489527618,0.03903888924147186,0.00260259261609812,0.01999586488003196,-8.606905522167736,10.8006863557057,1,1,7.5506591317082385,0.9476851851851852,7.5506591317082385,-4.149722222222219,7.5506591317082385,0,0,0.4733333333333334,0,0.64773,0,0.23214,21.15,1,1.4906401825684292,3.099436412484688,0,0,0,0.827,0.3349999999999999,-0.03700000000000009,-0.8439999999999999,1,0.5238095238095238,0.04761904761904765,0.03198653198653196,9.08902949092362e-4,5.024000000000001,PFHpA,PFAS,OC(=O)C(F)(F)C(F)(F)C(F)(F)C(F)(F)C(F)(F)C(F)(F)F,model_25
0.7324544787406921,0.20264414501525696,7,8.641609999999998,0.9204084599042838,1,1,2.8247,1,0,4.536635712000001,13.0743,237.33619470232492,238.4774988702056,227.83953581707772,236.92295270039995,7.684210526315789,36.583333333333336,8,-0.31242521457928785,-0.001186067049595,-0.02327388947338998,28.244845485586943,-50.08499132401394,-19.94213372094312,-22.090171388995703,-24.238209057048255,-0.18713045464151015,-0.03377867543914584,-57.53935579544928,15.755970610602043,21.647638888888903,-0.01644343234627831,-1.4256804800559788,0.12759719967221944,-0.14127479394796227,-0.8181544958887298,0.00685930666666663,0.17042540434881495,-2.0287107090643266,-0.2393444738756998,0.0056785287226348204,-4.2663837198567785e-4,-0.01177347737684119,-0.06831898939231819,0.1149061951719534,0.00611449188850055,-0.00676992585937194,-0.03253876135511692,0.09710302849815464,-0.087957969405277725,-0.21555575036294428,-0.00502078126387333,-0.118135827422773,-0.20647761833361053,0.03936407751836624,1.6243273261643651,0.8670591940287014,0.8573692108141213,0.950738347422378,0.72338478572153,0.909882557994412,1.000033304874399,0.8256351861476239,1.4804809459696124,0.9377477034550792,0.8804843409003141,1.3900022210213576,0.901528666363824,0.8920535924731228,0.15308634343360478,9.76214574924082,0.03004004306091418,6.632861938607307,0.01379516394263669,6.65776942264555,11.997523512688614,0.47888952810737606,2.9871955269870454,0.6465546509261141,0.406179063331728,2.1167470052887105,1,0,0,0,0,0.303072374995948,0.02813656979055237,0.0180421959121758,0.0151562906675529,0.00252604844459215,0.02381097387457026,-7.101456563071236,6.758679060203322,1,1,7.519264455782313,0.9526041666666668,7.519264455782313,-3.990602324263036,7.519264455782313,0,0,0.5297916666666667,0,0.64474,0,0.22921,18.13,1,1.543751954420502,3.208694969562842,0,0,0,0.827,0.33,0.02600000000000002,-0.702,0.75,0.5277777777777778,0.04606060606060609,0.03009259259259257,0.00125320915129317,4.143000000000001,PFHxA,PFAS,OC(=O)C(F)(F)C(F)(F)C(F)(F)C(F)(F)C(F)(F)F,model_26
0.711484432220459,0.6960048799792209,7,9.154053750000001,0.9299132402319463,1,1,2.3331,1,0,1.114211103,12.838848,237.71662942495183,227.83953581707772,236.92295270039995,0,7.77734375,8,0,-0.3122986086553022,-0.0228724678101444,0.30758516442143924,26.811047404693028,-52.85445130272977,-24.650558795879206,-27.62362131221495,-11.575612908188312,-0.19192667910086816,0.24960591406000737,-43.083674657204334,16.260542611842364,22.5289552095348,-0.01951866304095638,-0.9186079952492776,0.02774865359743604,-0.6048913313912271,-1.5346456284563863,0.01058435986159165,0.24968702264843876,-2.3697631319684733,-0.2374909530398952,0.00583655750551176,-0.01088518095430607,-0.0164604317125033,-0.0409325886126818,0.1353262777051017,0.00123646237364986,-0.02695357339720905,-0.1972378362151744,0.1054789506561492,-0.08096055724609877,-0.25148619748320716,-0.00913201710372405,-0.13795485176678465,-0.2428276090039691,0.13720662247742113,1.645056228307977,0.8419299722567212,0.7777097805179101,0.9120942847899256,0.6629469995094527,0.9547435867761236,1.1733029081662554,0.7886870084459036,1.4734785109399573,0.9163303801353658,0.8293253086583513,1.3734486165757431,0.8757367555676855,0.8523400680437202,0.1757731187949168,6.569180517983328,0.03642191445525272,9.181706263619086,0.01430764871120343,6.947390586815996,11.997559187705924,0.47888427617321294,2.965876374995949,0.6465546509261144,0.4888825224798273,4.852461184130766,1,0,0,0,0,0.31023660647652906,0.03608439182435161,0,0,0,0.02895685361025157,-5.667117381475009,9.039790252691732,1,1,7.475259353741496,0.9597789115646258,7.475259353741496,-3.79034722222222,7.475259353741496,0,0,0.5897916666666667,0,0.64063,0,0.22518,15.11,1,1.6087001655198914,3.2195282822995477,0,0,0,0.827,0.325,0.08900000000000002,-0.56,1,0.5333333333333333,0.04333333333333335,0.02222222222222222,0.00180980335064072,3.262,PFPeA,PFAS,OC(=O)C(F)(F)C(F)(F)C(F)(F)C(F)(F)F,model_27
0.6586162447929382,2.133761811641777,7,8.19669875,0.8951498815607767,1,1,5.0322000000000005,2,0,19.279236022,13.0668424,224.62895748415983,235.53289047642423,215.9097616584,222.67067327570953,7.263888888888888,26.28385416666666,25.658730158730155,-0.9221849999357892,0.5549005163604548,0.29312223495227674,-42.78867540887014,-126.25392246527488,11.234024135846964,44.4331507295702,19.65726329639622,-0.9019787122481406,1.152325643838494,-18.610742327408325,-16.566079850713656,-5.463466666666665,-0.03842437499732455,0.5278455296782876,-1.3059939608639026,2.2772374526241337,1.1692934402518471,-0.04291314560000005,-0.2040092915414725,-2.1045388888888894,-0.05558711388620847,0.01071376754862073,0.16324438485935674,-0.28697988453818446,0.02031572959847148,0.04322952179285176,-0.05026512241624687,0.08764636189534623,0.07520018317719246,-0.10358660476595172,0.03263179832765241,-0.32055842790348626,-0.1475603889401543,-0.18538808327159653,-0.21548277807862615,0.16427232238339465,1.9501807198872656,0.7364578131744681,1.2325299209781682,0.7906259954813255,0.6935401551422098,1.0027823012898982,0.6889810254829744,0.906103716224538,1.1220655166494051,1.0536736100200312,0.8100967120913591,1.3835306173114628,1.0170038825797774,0.9131602775849302,0.10861100112839445,11.06332986269156,0.07786090627991954,19.934614180030735,0.09503405656738416,7.068721907657657,11.997496742475086,0.5450032798380146,2.63478900531754,0.17207216265883413,0.09278708522653384,1.1856985137220493,1,0,0,0,0,0.32135377049975095,0.03895538383630695,0.0203264854004206,0.04946596098843325,0.00247329804942166,0.05369908585699468,-6.726026391746681,294.1568737768277,1,1,7.700030688182068,0.9361312621161106,1.4213385770975058,-3.5116499485596684,7.700030688182068,0,0,0.5129039115646259,0,0.67391,0,0.22709,22.16,1,1.7370148112524406,3.893660689688186,0,0,0.4999999999999999,0.846,0.7010000000000001,0.49000000000000016,-0.8510000000000002,1,0.5454545454545454,0.04540540540540543,0.04166666666666665,0.00233474286334759,3.551,NaDONA,PFAS,OC(=O)C(F)(F)C(F)OC(F)(F)C(F)(F)C(F)(F)OC(F)(F)F,model_28
1.2935380935668945,0.8857058812320893,7,7.51825,0.8262028915795626,1,1,3.5547000000000004,5,0,35.448574559999976,11.791148,222.6317450301499,223.8946176533055,221.43456307707777,217.7444812127361,6.440860215053764,24.022222222222226,21.80902777777778,-0.39363702510844045,-0.21450510880362636,-0.01540819192098839,14.67524479044958,88.30954901582068,53.76086033062916,46.984200531718386,-104.91663680281772,-0.14641343775454785,0.03769816102397327,-49.40770039150745,75.15599892682528,125.71017795138889,-0.01269796855188517,9.452833747633562,2.6137774400714906,4.317557660344995,0.7457809608209268,0.02745098015873017,0.143897515066091,-1.0864872539342505,-0.17227249476127862,0.00233026136183296,-0.05021431325962173,0.0250447441535156,0.23908619543567725,0.282027139309523,0.06610907591797428,0.10920200885205124,-0.12276275478353955,0.0191928513484973,-0.07877101468760207,-0.08618381944234799,-0.00133834840480449,-0.06108161142596526,-0.0988428053456796,-0.02704477624627397,1.6165092539001398,0.9946742322565856,0.928254630053054,0.5821866808887309,0.515315083147793,0.8371866990047665,0.9432213570735284,0.8130305091832511,1.4812452992701617,0.967741834321346,0.9543382648754548,1.2666655278924834,0.8611526628103372,0.9311491674095048,0.06588080156078224,10.071024727527538,0.2313522518946926,201.59805732456724,0.1262872875563763,11.20345291436755,11.997445389198884,0.4789233385462513,3.0082504820109617,0.41559069145747873,0.3023850797906086,0.4741169946101711,1,0,0,0,0,0.30194479704670957,0.0300092337201178,0.01625079358474323,0.12378461042413332,0.00412615368080444,0.1960610206703101,-4.399189213286262,32.64045664264175,1,1,7.972621367704566,0.8370833333333334,7.972621367704566,-2.3662165372155917,7.972621367704566,0,0,0.361859410430839,0,0.63889,0,0.25087,26.17,1,1.705241238830056,3.1320488277869583,1,1.4142135623730951,0,0.591,0.34000000000000014,-0.10000000000000014,-0.9859999999999998,0.8333333333333334,0.5,0.05283018867924532,0.03356481481481482,0.00726151928408555,6.818999999999999,7:3 FTA,PFAS,OC(=O)CCC(F)(F)C(F)(F)C(F)(F)C(F)(F)C(F)(F)C(F)(F)C(F)(F)F,model_29
0.8599063754081726,0.36769347656935425,7,8.202648749999998,0.8955919578607341,1,1,2.5715000000000003,5,0,19.702863341999993,11.27136,218.1106965287183,217.7444812127361,209.84859662309256,216.2671631570055,6.261666666666668,14.398148148148149,18.305555555555557,-0.39367175836076096,-0.2254269550487705,0.19512594938246483,9.274335818992242,47.869856116375715,11.631980935068356,6.43741116666277,-148.41849337382067,-0.1418184052059694,0.0453703961664923,-22.8138390895808,68.15448003652034,107.59518819855352,-0.01574687033443043,11.774117929761434,0.6476002443822113,2.8544918061739737,0.14305358148139488,0.02333077291255747,0.07441132043353142,-1.2174256245890855,-0.14435133490500118,0.00229551949980229,-0.07456710847605942,0.04096849836361932,0.2685340832470328,0.2691876554400896,0.01476991643647101,0.065102825101619,-0.26587771071806704,0.01364643072524784,-0.1516567636891421,-0.09657628375593502,-0.00122399277422944,-0.07143654455623494,-0.11171407159522063,-0.07758505565636808,1.6519898003765292,0.9759272358472546,0.8589701046161905,0.5604700482228541,0.48843120898109416,0.8891747575710643,1.0662198077672578,0.8014453097006705,1.4736880363704676,0.9538839008211086,0.9309983505723978,1.2277678849143203,0.8276162726519118,0.9144307868798752,0.08805531410185835,9.413064134692505,0.2811537544525167,14.489975048630953,0.16225265696528018,11.30090816638745,11.997475905869432,0.478880968447443,3.0074682643682427,0.21342363167466913,0.04634101198696528,0.7204835600411305,1,0,0,0,0,0.3126115846055814,0.03728434088288733,0.02270020407518313,0.07091595397876778,0.00590966283156398,0.23906189339705597,-3.0051688640160203,19.56778265260044,1,1,7.9405896872637936,0.8416666666666668,7.9405896872637936,-2.1700250771604956,7.9405896872637936,0,0,0.43166666666666664,0,0.63095,0,0.25092,20.13,1,1.79030939970082,3.3637132757501895,1,1.4142135623730951,0,0.591,0.33,0.02600000000000002,-0.702,0.8,0.5,0.0525714285714286,0.03148148148148146,0.01138389968557409,5.057,5:3 FTA,PFAS,OC(=O)CCC(F)(F)C(F)(F)C(F)(F)C(F)(F)C(F)(F)F,model_30
0.31950220465660095,-1.7214623079747282,7,9.31158,0.9286212286155475,1,1,1.5883,5,0,4.536635712000001,11.196966666666665,209.06859952585552,216.2671631570055,227.83953581707772,236.92295270039995,5.969298245614035,36.583333333333336,8,-0.39679715449821207,-0.0148973620027334,-0.2124207245258723,0.27463257178251865,-22.56563480878441,-64.37219952690029,42.1997216477308,-26.23565993995595,-0.13477162001325005,-0.1777731677051264,3.881423395567759,55.18044155087425,74.9361805555556,-0.02088406076306379,14.723923804118376,-7.040513731504794,-15.264777148093,1.5629526536196592,-0.14474578962962964,-2.095847670058425,-1.3406624634502922,-0.09371170524179104,0.00789375485802223,-0.00817993200496003,0.04222066426309575,0.30087828226072216,0.20735610599555887,-0.14387045912147936,-0.3119304329818863,-0.5746912065085081,4.684215006309445e-4,-0.04723434160042743,-0.10952183446732716,-0.03934142535736184,-0.08594396735980843,-0.1274757921531397,-0.4922955951482854,1.7213443095157352,0.8368683248786597,0.8603904761255403,0.5530480772558422,0.4734652128140181,0.9203564440160628,0.8027802670039502,0.8022109933540706,1.4582009670691751,0.9241386445566476,0.8755714220753975,1.1763240867293374,0.7643977441493643,0.875292188990333,0.12956133036138,10.504237694591325,0.2810525260541536,7.408106002396396,0.18863670105070485,17.528879013477287,11.997523538465034,0.4785741483254975,3.0043339115108685,0.27091390189293707,0.39455584080734174,0.7128712871287123,1,0,0,0,0,0.33440893309544995,0.05212189930184122,0.03608439182435161,0.0303125813351058,0.0050520968891843,0.24066851369509845,-2.136502131230246,8.041954312961607,1,1,7.8858616780045345,0.8501041666666667,7.8858616780045345,-1.8818060279667423,7.8858616780045345,0,0,0.5333333333333333,0,0.61667,0,0.25102,14.09,1,1.8833830982290136,3.484183719779189,1,1.4142135623730951,0,0.591,0.32000000000000006,0.1519999999999999,-0.41800000000000026,0.75,0.5,0.04235294117647061,0.0324074074074074,0.01604456757967323,3.295,3:3 FTA,PFAS,OC(=O)CCC(F)(F)C(F)(F)C(F)(F)F,model_31
-0.9964603781700134,1.7685022939759603,7,7.602145,0.8367202335090242,1,1,3.6648,4,1,52.295134847999996,12.140190000000004,220.81888083883743,222.7530658903666,222.4614147272299,220.03786017301567,6.280735596707819,27.094212962962963,26.040985838779957,-0.4658310905408285,-0.2610185220044477,-0.01473397932428528,42.64233848403204,-31.765218802436124,118.56799892390472,-23.154228776682487,-74.58121676082442,0.42349978993707704,-0.03459625122609822,-83.08980627933465,101.47553698865656,124.8250731336943,-0.01293975251502301,0.7043776414782535,7.571855960106506,-0.33016741148952855,-0.3007042698270453,0.01436194990181487,0.32281079528008455,-1.241015171271818,-0.200846663365518,0.02604569637829412,-0.04659487746288963,0.01946204230625108,0.01809706137898306,0.0560954246443121,0.19453817667365111,-0.00848275067125398,0.00758678005450311,0.05444883731974003,-0.04968559233628544,-0.1397134698589892,-0.02292652568414642,-0.10071566511117948,-0.11658159970735828,0.00331865989051122,1.6217706536438397,1.0056317161545512,0.9501827950826884,0.9531894114036444,0.8258602171243558,0.85492886542922375,0.8998685894298808,0.8051921949922602,1.4114771464424545,1.016258154349047,1.0093044593069322,1.3177755317128468,0.859099806571481,0.8925276099325042,0.17000385870884455,10.214227777739586,0.12754033203631787,14.38851783263914,0.7269776393053528,13.036625609480993,11.997445363196697,0.4789841933644125,3.0183565620737354,0.615790812272393,0.5479022647696391,0.3671846726462401,1,0,0,0,0,0.29561704171517544,0.02738570377341393,0.01422575640713119,0.16838974415221364,0.00350811966983778,0.15662198356730786,-6.117936412167082,16.964403736082062,3,1,8.023414585221683,0.826644059253637,0.04969728105888871,-2.4811676339367947,8.023414585221683,0,0,0.2787511285378348,0,0.65152,0,0.23796,32.23,2,2.0011790615713987,3.539873973444698,0,1,0,0.703,0.5800000000000003,0.4819999999999997,-0.8270000000000002,0.8571428571428571,0.5,0.05295774647887328,0.03451178451178451,0.00474612071416084,5.968999999999999,FOSAA,PFAS,OC(=O)CN[S](=O)(=O)C(F)(F)C(F)(F)C(F)(F)C(F)(F)C(F)(F)C(F)(F)C(F)(F)C(F)(F)F,model_32
1.6929700374603271,2.323725656473786,7,8.71182,0.9229504111601533,1,1,2.535,1,0,1.114211103,13.283136,233.49042550858996,230.1957922478083,236.92295270039995,0,6.327886710239651,8,0,-0.30711507464207854,-0.03853021387171478,0.3481708624617751,22.60919285617792,-40.89194480297084,-14.789183315075697,-44.12785429397625,0.3411600855689727,0.04088370260884244,0.7358516924825358,-39.37166793575128,18.30706216523117,15.44849854569934,-0.01806559262600462,-9.530161358534908,-0.00247920075061548,6.667428918666409,-2.1013263949512497,0.0209498928571428,-0.09633701998134626,-2.4874355190305564,-0.2157996869345443,-0.00710616204952553,-0.01724770423660191,-0.02476334081936659,-0.2770756955529895,0.0699931243277278,-7.207918591819945e-5,0.19384587896144645,-0.03383465884394485,0.07338742973238511,0.00156878168034603,-0.2563246157316657,-0.14203933395315776,-0.09455122024299784,-0.24837812255644676,0.19681325272060815,1.702764267987341,0.8590572964947988,0.7752766745242169,1.485960737352844,1.0583964826055647,1.0311415441807552,0.786937183349525,0.8351052550235578,1.3291507808756329,0.8048100667528749,0.855907640590216,1.3628582913447844,0.8747599440789648,0.8842128146418863,0.3928307362358679,6.530074280359019,0.00930633144563375,29.419967485533547,0.6436393204541883,7.290328568283422,11.997609397007748,0.4789331023949256,3.1138561265191655,0.646554650926114,0.4286232574259533,5.10416728179617,0,0,0,0,0,0.3125,0.03125,0,0,0,2.775557561562891e-16,-60.894866724265015,235297.09058179543,2,0,7.699796390778533,0.8324640967498111,7.699796390778533,0,7.699796390778533,0,0,0.5342644032921811,0,0.64706,0,0.22768,16.13,1,1.876357639489852,3.2390979179887864,0,0,0,0.003,0.976,1.4130000000000005,-0.12399999999999994,1,0.5625,0.04444444444444447,0.02777777777777776,1.6326809185664067e-17,2.808,PFBS,PFAS,OS(=O)(=O)C(F)(F)C(F)(F)C(F)(F)C(F)(F)F,model_33
2.2508935928344727,2.59,7,7.5233075,0.8268528354210395,1,1,4.5014,1,0,32.13235171199998,12.985421624999995,234.96558824996507,234.50459989328525,234.11453282224863,233.49042550858996,6.683588761174968,34.75391737891738,35.26134259259259,-0.30760640258124494,0.00647661645544085,0.00165573179976789,23.324335986146412,-35.409552168318186,-8.016914637254544,-8.498749522636885,-8.980584408019226,-0.01638806404748377,0.09956127837371254,-94.6839012165881,17.47821482575651,13.366768118427093,-0.01060711733038775,-6.553439989638346,-6.755304613247393e-4,-7.825938538732246e-4,-0.14910086881819096,0.00225853736842108,0.07978762528551474,-1.4998453866630903,-0.23099220885389535,-0.00314524436692524,0.00132239889623938,2.759379938620572e-4,-0.26237683913646737,0.05013313276378701,-2.704587933406345e-5,-3.133232348683101e-5,-3.7226184196856775e-5,0.05151736503438364,-0.01198410796301241,-0.15109246224713063,0.00534317827466171,-0.05934101715581096,-0.1488137882614764,0.00704483419853387,1.6222732370878892,0.9199194642778876,0.914738630305701,1.488400017239453,1.115672698982901,0.8807197990475614,0.9093577501884086,0.9164763301405874,1.369169225933147,0.8500296445876896,0.8641206915929305,1.408005969370998,0.9303099019560972,0.9452906670124978,0.24608598475753177,10.670188120070868,0.00768529384846444,71.44199987048019,0.6297767856262173,18.0199613672742,11.997475873107865,0.4789785687074995,3.0150981305510633,0.34495348357018935,0.14872311974341712,0.9758181809338904,0,0,0,0,0,0.29398148148148145,0.0234375,0.01193576388888888,0.1040948744681332,0.00289152429078147,1.6653345369377348e-16,-105.36087283854994,137936.29384789092,2,0,7.816442725219105,0.8142485460667279,7.816442725219105,0,7.816442725219105,0,0,0.3692951625094482,0,0.65517,0,0.2372,28.21,1,1.6321654021612106,2.914409345247941,0,0,0,0.003,0.9960000000000002,1.161,-0.6920000000000001,1,0.5357142857142857,0.04952380952380956,0.03395061728395063,5.742532885992188e-18,6.332000000000001,PFOS,PFAS,O[S](=O)(=O)C(F)(F)C(F)(F)C(F)(F)C(F)(F)C(F)(F)C(F)(F)C(F)(F)C(F)(F)F,model_12_corrected
